price,id_providerFK,id_subcategoryFK,id_serviceFK
5662,322,3,1
4821,428,1,2
846,737,2,3
7626,671,3,4
3805,33,4,5
2514,103,4,6
5968,610,1,7
7824,691,3,8
54740,770,1,9
5940,694,2,10
4821,707,1,11
224,33,2,12
3709,779,3,13
727,629,1,14
2013,631,2,15
4668,250,3,16
5819,371,4,17
778,499,1,18
54760,561,1,19
803,489,3,20
561,491,3,21
5888,224,2,22
4871,716,3,23
4821,503,4,24
3288,343,3,25
265,12,1,26
4240,262,2,27
7563,471,3,28
1705,678,2,29
1992,98,1,30
4821,41,4,31
7072,6,4,32
4821,120,1,33
3345,140,1,34
2506,468,3,35
6378,557,4,36
2848,90,2,37
5061,320,2,38
3437,247,4,39
5697,9,2,40
3948,80,3,41
3984,712,2,42
208,353,2,43
2048,186,2,44
3734,663,2,45
753,128,4,46
61210,97,4,47
1071,217,3,48
2922,603,3,49
4861,482,2,50
5966,530,1,51
6006,348,2,52
4121,619,2,53
750,159,4,54
7566,340,3,55
7296,527,2,56
1577,2,1,57
1655,550,2,58
5322,139,2,59
684,499,3,60
5564,768,1,61
740,369,2,62
59430,643,1,63
1245,52,3,64
7876,135,2,65
6073,131,1,66
2196,796,2,67
4323,49,4,68
4821,59,3,69
6059,451,4,70
3965,99,2,71
1281,668,2,72
5100,703,1,73
4047,42,2,74
4968,123,1,75
2359,555,3,76
747,155,1,77
6765,430,4,78
314,571,3,79
7091,403,4,80
4821,240,4,81
7817,404,3,82
3162,798,3,83
2661,442,4,84
1808,194,2,85
4821,663,4,86
1570,173,4,87
1303,91,3,88
1403,682,2,89
7733,671,3,90
2383,528,1,91
4572,609,1,92
6261,655,2,93
6133,87,4,94
2359,246,2,95
6099,472,2,96
4821,545,2,97
2042,36,2,98
835,685,4,99
35230,274,3,100
7274,707,3,101
4290,601,3,102
6112,651,3,103
7957,448,3,104
4822,403,4,105
7828,392,1,106
3729,81,2,107
4821,715,1,108
4891,634,3,109
4361,779,4,110
5081,381,4,111
3452,116,2,112
310,140,2,113
3214,122,3,114
1687,293,1,115
5669,598,2,116
2230,426,1,117
2665,219,1,118
3909,789,4,119
2051,19,1,120
4575,508,3,121
7734,82,3,122
6179,571,3,123
2807,674,3,124
6254,518,4,125
2327,696,4,126
598,168,1,127
5864,760,2,128
2023,136,4,129
3479,200,4,130
227,662,1,131
7777,157,4,132
4821,377,3,133
5517,38,1,134
7742,183,2,135
738,679,2,136
1182,233,1,137
6501,542,1,138
4249,204,1,139
1822,727,2,140
4444,739,1,141
5122,647,4,142
6623,383,3,143
6976,219,2,144
1415,790,4,145
2058,535,2,146
211,708,2,147
6604,434,4,148
913,481,4,149
950,471,1,150
4389,124,2,151
6997,102,1,152
4225,363,2,153
7515,648,2,154
5984,683,4,155
7761,265,4,156
4119,269,2,157
1389,222,2,158
1360,521,1,159
5399,260,2,160
3035,759,2,161
6076,647,2,162
1663,59,4,163
1699,346,2,164
3244,249,4,165
4821,664,1,166
4554,504,3,167
4821,686,3,168
2076,791,1,169
5551,676,1,170
2000,677,1,171
4367,235,4,172
4821,749,3,173
6677,258,1,174
6747,69,3,175
908,74,1,176
4838,338,4,177
24250,94,4,178
5053,462,4,179
4821,1,2,180
348,163,1,181
782,99,2,182
6171,76,2,183
4882,636,4,184
3990,416,1,185
4839,76,2,186
3692,82,2,187
1280,783,1,188
3971,544,4,189
5514,653,2,190
7906,716,3,191
1863,789,4,192
4821,525,3,193
1688,163,1,194
5001,794,3,195
4183,290,4,196
6749,729,1,197
209,476,4,198
2708,446,4,199
3484,461,3,200
7448,207,4,201
7495,35,3,202
4821,251,3,203
2778,39,4,204
2431,476,4,205
847,666,3,206
1325,329,2,207
605,737,1,208
1668,542,2,209
3990,307,2,210
841,538,3,211
5211,424,4,212
2231,269,3,213
6305,75,3,214
5213,618,2,215
6368,265,3,216
4937,277,4,217
23610,674,2,218
1396,513,4,219
1251,224,3,220
1017,9,4,221
1257,491,1,222
4123,532,3,223
1778,423,3,224
2958,797,2,225
4821,285,4,226
7148,152,2,227
4821,755,3,228
1073,752,4,229
2930,542,4,230
1759,694,4,231
218,81,2,232
7936,566,3,233
1749,398,2,234
893,564,3,235
593,188,2,236
6989,759,2,237
474,469,3,238
1700,111,1,239
2667,594,4,240
4332,674,4,241
6601,34,3,242
6022,288,4,243
4821,670,1,244
5497,293,1,245
4015,310,2,246
7093,550,3,247
7959,573,3,248
3658,770,3,249
6178,164,2,250
1846,639,2,251
276,411,1,252
4821,23,2,253
1816,70,1,254
5691,374,1,255
3784,490,3,256
6351,767,1,257
1621,58,1,258
7913,753,3,259
6885,222,3,260
6071,48,2,261
4821,596,1,262
944,168,2,263
2597,450,4,264
7706,560,4,265
6177,488,4,266
2830,638,2,267
7783,656,2,268
4597,694,4,269
5352,66,2,270
4821,599,3,271
3356,730,3,272
7694,254,4,273
2240,788,1,274
6707,89,1,275
1176,43,2,276
5908,426,1,277
5685,76,4,278
7204,299,1,279
6736,155,3,280
1048,258,3,281
1659,783,1,282
4246,505,4,283
6331,466,2,284
15390,154,2,285
1125,329,3,286
5042,197,2,287
6262,201,2,288
2574,19,3,289
4314,614,3,290
4821,171,1,291
7246,785,3,292
784,195,4,293
4270,187,4,294
3699,613,3,295
3592,510,4,296
2812,368,2,297
343,358,1,298
1361,670,3,299
4891,607,3,300
1158,788,4,301
1988,324,4,302
2105,738,2,303
5490,741,3,304
5640,442,4,305
822,527,1,306
5494,200,2,307
6129,779,1,308
557,230,2,309
726,156,1,310
7980,382,3,311
4389,729,3,312
4609,428,4,313
4821,782,1,314
4548,60,4,315
2733,690,1,316
548,515,4,317
3822,322,3,318
6556,412,3,319
7947,794,1,320
5080,304,2,321
1115,447,2,322
1666,313,1,323
572,545,2,324
6719,498,1,325
937,158,4,326
5017,285,1,327
5538,114,1,328
667,420,1,329
6241,3,1,330
244,166,3,331
1784,99,1,332
2835,184,3,333
2201,564,1,334
7862,428,2,335
5606,64,1,336
3895,168,4,337
6395,233,2,338
7112,514,4,339
5714,220,4,340
3538,345,1,341
7435,769,4,342
1650,445,3,343
6564,195,2,344
5638,232,2,345
1012,749,2,346
3061,615,1,347
4528,783,1,348
3526,395,1,349
5530,741,3,350
4821,552,1,351
7214,789,1,352
5288,420,1,353
3973,361,4,354
4947,555,3,355
3066,692,1,356
6067,401,4,357
3219,547,4,358
6456,589,1,359
1333,632,2,360
3013,688,4,361
5346,756,3,362
7462,24,4,363
2396,633,4,364
3665,65,4,365
4902,576,1,366
4732,703,4,367
2288,585,3,368
3522,199,3,369
1121,470,3,370
1889,547,1,371
3319,29,3,372
2575,171,4,373
73740,122,1,374
1543,41,4,375
3478,63,1,376
7080,259,3,377
4460,570,2,378
4821,495,3,379
5662,634,4,380
2345,109,3,381
3607,153,4,382
4821,1,2,383
576,779,4,384
1034,611,3,385
5484,367,4,386
2598,579,2,387
6962,302,4,388
3876,492,1,389
5554,425,1,390
455,438,3,391
4821,278,3,392
2682,616,1,393
3422,433,4,394
6905,40,4,395
1361,332,3,396
5207,141,3,397
7838,186,1,398
51880,651,3,399
3801,315,4,400
7579,702,3,401
3250,335,2,402
989,548,2,403
27600,141,3,404
2928,171,1,405
227,675,2,406
7953,735,4,407
2140,649,4,408
4252,549,2,409
5258,692,3,410
4739,685,3,411
1595,730,3,412
1030,336,4,413
3216,57,3,414
7705,49,3,415
2727,466,3,416
2405,654,2,417
3121,542,3,418
1118,122,3,419
4956,585,4,420
1833,618,2,421
500,548,1,422
2020,432,1,423
7358,246,2,424
3698,519,2,425
4821,179,4,426
4821,569,4,427
4821,186,1,428
3846,677,2,429
7790,525,1,430
1031,365,4,431
5816,391,4,432
917,388,2,433
5053,67,3,434
2038,602,3,435
7479,269,3,436
631,30,1,437
1118,349,4,438
2066,240,3,439
1541,609,4,440
5635,175,3,441
3393,796,3,442
5272,687,4,443
4974,380,4,444
2891,773,2,445
7945,607,1,446
1667,598,4,447
6189,679,1,448
6917,193,4,449
4821,337,3,450
7703,102,3,451
6711,779,2,452
4485,108,1,453
1692,215,3,454
6360,794,1,455
4935,504,1,456
2453,12,1,457
6244,738,2,458
7027,49,3,459
2785,434,2,460
2010,644,3,461
6299,773,4,462
63350,327,2,463
4821,763,1,464
1198,82,1,465
2236,588,4,466
2718,358,1,467
4821,61,3,468
6969,515,1,469
4821,139,3,470
1938,72,3,471
7840,509,2,472
3305,451,1,473
1977,614,4,474
4855,634,1,475
59690,330,4,476
940,462,2,477
904,385,2,478
4990,356,1,479
1029,696,1,480
5606,246,4,481
4821,163,4,482
6472,352,2,483
2616,262,3,484
762,79,1,485
7517,473,3,486
5398,651,3,487
4821,383,1,488
506,2,2,489
4821,147,4,490
3638,522,1,491
2356,465,1,492
4532,325,2,493
77900,46,4,494
4257,676,1,495
4866,782,3,496
7888,277,3,497
6380,724,2,498
7008,767,4,499
1312,273,2,500
374,567,1,501
6662,278,1,502
1863,516,1,503
4355,454,3,504
4394,415,3,505
4821,258,1,506
2105,638,1,507
7917,653,4,508
389,137,3,509
2366,269,1,510
5567,239,1,511
5207,462,4,512
12970,68,1,513
663,606,3,514
1016,381,2,515
4821,637,4,516
6053,650,2,517
1381,477,1,518
5011,155,4,519
2295,210,2,520
1653,306,2,521
1719,711,2,522
1612,637,1,523
490,442,1,524
4821,13,2,525
4674,174,1,526
7853,33,3,527
6585,425,2,528
774,557,1,529
281,321,1,530
690,342,1,531
412,473,1,532
4821,463,2,533
1512,390,1,534
6288,671,4,535
4260,260,3,536
7328,762,4,537
6690,584,2,538
4682,486,1,539
3925,56,2,540
6958,135,2,541
3153,16,2,542
3004,277,1,543
1362,681,1,544
4978,457,4,545
7436,214,2,546
3646,97,2,547
7760,668,4,548
5137,25,2,549
2414,368,3,550
1117,109,1,551
2818,94,2,552
5932,448,2,1105
1326,544,3,1106
7892,653,2,1107
2993,517,4,1108
726,539,2,1109
7646,539,4,1110
673,298,1,1111
3377,79,2,1112
5917,379,4,1113
2706,614,3,1114
34060,528,4,1115
5825,794,4,1116
1779,4,4,1117
1462,52,1,1118
4901,394,4,1119
12840,365,3,1120
6200,285,3,1121
4289,409,3,1122
2885,506,3,1123
1018,482,4,1124
4821,537,4,1125
2965,544,2,1126
2585,425,4,1127
3090,180,3,1128
4821,525,4,1129
7842,207,2,1130
4535,437,1,1131
4398,482,1,1132
4821,252,4,1133
1789,275,2,1134
7706,63,2,1135
570,50,2,1136
449,285,1,1137
1941,598,4,1138
5426,611,4,1139
7310,590,4,1140
1305,157,3,1141
1097,277,1,1142
4821,210,3,1143
6372,504,3,1144
4821,330,4,1145
5444,258,1,1146
7476,780,1,1147
1349,173,3,1148
2414,46,2,1149
937,782,2,1150
2920,18,4,1151
1766,233,1,1152
4816,483,3,1153
4562,375,1,1154
5576,436,3,1155
7646,207,1,1156
4303,621,3,1157
6644,714,3,1158
1068,663,2,1159
1578,755,3,1160
6119,775,3,1161
1557,300,2,1162
1008,717,1,1163
3345,219,1,1164
3243,783,1,1165
4039,798,2,1166
7461,349,3,1167
3594,24,4,1168
7800,743,2,1169
2002,640,1,1170
1441,696,1,1171
494,439,3,1172
6949,556,4,1173
655,478,4,1174
4958,643,4,1175
3646,608,1,1176
6905,640,1,1177
7105,527,1,1178
3089,617,1,1179
4769,624,4,1180
1573,518,3,1181
4709,538,1,1182
4821,491,4,1183
849,698,1,1184
1677,684,1,1185
5377,561,1,1186
1467,553,4,1187
7141,524,2,1188
6880,501,1,1189
7699,611,1,1190
7352,136,2,1191
4140,148,4,1192
4732,282,4,1193
5617,48,2,1194
6047,336,4,1195
4386,748,2,1196
1764,14,4,1197
3822,175,2,1198
1020,44,3,1199
4821,131,1,1200
4499,757,2,1201
4431,270,1,1202
2749,215,1,1203
825,495,1,1204
5536,157,2,1205
5509,204,4,1206
4588,643,4,1207
6910,77,1,1208
4974,462,4,1209
4605,238,3,1210
6788,437,3,1211
2357,301,1,1212
7695,791,4,1213
6144,23,1,1214
3738,327,4,1215
1991,214,1,1216
3108,464,2,1217
5126,679,4,1218
2113,573,2,1219
6021,91,3,1220
4781,312,2,1221
6930,93,4,1222
7200,564,3,1223
5334,598,4,1224
6729,213,3,1225
2589,727,3,1226
3384,761,3,1227
4662,643,4,1228
2393,625,1,1229
4821,14,2,1230
7552,97,4,1231
4824,294,1,1232
2067,281,4,1233
4821,605,3,1234
6895,461,3,1235
411,737,2,1236
4591,248,2,1237
6513,435,3,1238
7841,662,4,1239
5992,194,4,1240
3289,765,4,1241
3603,2,2,1242
2767,285,2,1243
4821,132,2,1244
5770,629,1,1245
792,449,4,1246
4736,367,1,1247
968,74,3,1248
1426,414,1,1249
2447,217,2,1250
4821,312,4,1251
7638,144,4,1252
6864,253,4,1253
6357,582,3,1254
6221,628,3,1255
3116,188,4,1256
5814,270,1,1257
4821,561,3,1258
220,343,3,1259
720,278,3,1260
7780,409,4,1261
1352,235,1,1262
2663,240,1,1263
2270,749,1,1264
3262,203,2,1265
3129,603,4,1266
4508,325,2,1267
720,297,1,1268
4977,508,4,1269
3680,716,3,1270
4312,714,4,1271
2192,87,3,1272
954,444,4,1273
4581,16,4,1274
6740,100,1,1275
5239,328,4,1276
2667,55,4,1277
5461,147,4,1278
6933,739,1,1279
3249,761,2,1280
4821,200,1,1281
1715,344,3,1282
7654,142,2,1283
2561,158,1,1284
4821,323,1,1285
2297,146,1,1286
981,256,2,1287
7153,139,2,1288
2476,238,2,1289
4821,387,2,1290
55650,757,1,1291
7165,263,3,1292
1912,234,2,1293
3178,120,2,1294
1496,344,4,1295
5764,312,2,1296
4300,306,4,1297
3707,598,4,1298
3717,56,3,1299
2227,687,4,1300
5320,284,3,1301
1652,365,4,1302
7039,182,4,1303
3511,68,3,1304
4197,162,3,1305
6651,63,4,1306
3611,379,2,1307
2241,380,2,1308
2563,278,4,1309
3757,347,2,1310
4797,418,2,1311
6441,565,3,1312
6327,725,4,1313
4245,106,3,1314
4089,661,4,1315
7989,230,3,1316
2423,421,3,1317
4297,592,1,1318
3582,552,2,1319
2625,243,1,1320
3601,690,1,1321
1031,672,2,1322
4821,24,4,1323
6806,61,4,1324
5861,5,1,1325
2443,494,1,1326
4754,282,2,1327
1165,293,4,1328
6620,792,4,1329
3451,148,2,1330
3383,769,4,1331
1880,112,4,1332
1336,603,3,1333
292,269,1,1334
5670,720,4,1335
6086,636,4,1336
4821,699,2,1337
1989,34,1,1338
3391,792,1,1339
1130,582,3,1340
6191,84,2,1341
2054,221,4,1342
7717,673,2,1343
5816,289,1,1344
6962,272,1,1345
4821,445,4,1346
4821,258,1,1347
1049,593,1,1348
65210,672,2,1349
7520,576,4,1350
7189,558,1,1351
6327,617,1,1352
2218,789,2,1353
2312,338,3,1354
4734,62,2,1355
2815,713,4,1356
4832,606,1,1357
1882,82,3,1358
6648,89,4,1359
1150,723,1,1360
4975,17,2,1361
2685,5,2,1362
7841,91,3,1363
953,471,3,1364
2797,714,1,1365
6529,447,4,1366
7156,302,4,1367
1736,82,1,1368
7720,114,4,1369
1200,174,2,1370
5454,50,1,1371
6016,224,3,1372
621,678,2,1373
3382,353,3,1374
1569,672,4,1375
4821,143,3,1376
2518,725,4,1377
4982,283,3,1378
3689,584,2,1379
678,644,3,1380
3744,412,2,1381
3195,150,2,1382
3872,160,4,1383
3511,415,3,1384
412,488,1,1385
5634,670,3,1386
4821,388,4,1387
4821,718,4,1388
6573,4,4,1389
4821,279,1,1390
4180,484,4,1391
1580,125,3,1392
7328,235,2,1393
4723,159,3,1394
307,160,2,1395
3132,305,1,1396
4821,770,3,1397
3905,382,1,1398
5971,684,1,1399
6966,199,3,1400
6587,169,2,1401
7765,448,3,1402
1163,369,4,1403
4759,476,2,1404
439,75,1,1405
7531,730,3,1406
2187,778,2,1407
6644,98,3,1408
2558,466,3,1409
6202,38,2,1410
896,625,2,1411
384,510,1,1412
5718,600,1,1413
5669,677,4,1414
2252,738,4,1415
5084,340,3,1416
3021,607,3,1417
5916,285,2,1418
4821,430,4,1419
4840,368,2,1420
4458,16,4,1421
746,431,4,1422
2170,381,4,1423
7521,148,4,1424
3594,680,1,1425
2648,144,3,1426
2001,200,4,1427
6121,656,4,1428
2622,511,2,1429
2846,545,3,1430
5732,257,2,1431
4821,33,3,1432
855,114,3,1433
3001,615,1,1434
2883,289,1,1435
3347,388,1,1436
1528,63,2,1437
6449,636,3,1438
5734,228,1,1439
2839,143,4,1440
4821,144,4,1441
3413,633,1,1442
3825,161,2,1443
6992,418,4,1444
4636,123,3,1445
5807,416,4,1446
5148,6,4,1447
2012,770,1,1448
1964,161,1,1449
2674,367,1,1450
1715,688,1,1451
1070,217,3,1452
5270,87,1,1453
4821,726,3,1454
3724,349,4,1455
6061,505,1,1456
4411,615,3,1457
220,637,2,1458
20580,353,2,1459
1319,395,4,1460
4013,78,3,1461
2915,295,2,1462
38360,630,3,1463
7941,630,1,1464
7736,511,4,1465
3646,353,2,1466
5597,429,1,1467
12240,568,1,1468
6928,561,1,1469
3532,640,1,1470
4821,117,4,1471
4119,453,1,1472
3365,438,2,1473
2946,701,4,1474
1208,74,2,1475
3301,292,3,1476
3592,86,3,1477
7128,23,1,1478
436,345,2,1479
4867,714,2,1480
7357,213,2,1481
2327,642,4,1482
3312,491,3,1483
1046,700,4,1484
4821,350,2,1485
4821,101,3,1486
5666,362,2,1487
5937,442,4,1488
7292,378,1,1489
6798,287,3,1490
7925,255,4,1491
7983,322,4,1492
5226,542,4,1493
4388,169,3,1494
6869,377,1,1495
377,323,1,1496
3585,429,3,1497
3338,113,2,1498
6904,785,2,1499
6349,505,2,1500
5092,720,1,1501
5228,264,3,1502
7298,113,3,1503
3780,5,2,1504
1407,506,4,1505
4706,717,1,1506
2550,741,4,1507
7228,533,3,1508
5918,209,2,1509
5522,300,4,1510
4750,148,2,1511
1781,160,1,1512
7789,325,1,1513
6079,785,4,1514
296,225,2,1515
7152,533,4,1516
4821,142,2,1517
421,738,3,1518
4323,260,2,1519
1876,463,4,1520
387,708,4,1521
4285,715,2,1522
33220,694,3,1523
5169,614,2,1524
396,430,3,1525
4821,193,2,1526
2342,96,2,1527
3265,1,1,1528
1087,113,4,1529
3026,708,1,1530
4630,537,1,1531
4821,289,1,1532
2427,395,3,1533
821,196,1,1534
2448,318,4,1535
4821,44,1,1536
1044,326,4,1537
2508,462,3,1538
495,39,2,1539
7479,106,4,1540
7551,662,2,1541
4162,110,3,1542
4426,530,4,1543
1124,395,4,1544
3118,207,2,1545
1509,43,3,1546
72840,550,2,1547
3271,553,1,1548
5017,723,2,1549
4668,246,2,1550
4939,522,2,1551
2512,146,1,1552
4034,344,1,1553
745,275,4,1554
3704,214,1,1555
6874,156,3,1556
1875,184,4,1557
6376,663,2,1558
2289,757,1,1559
1548,380,3,1560
3693,558,4,1561
6902,549,4,1562
1224,655,4,1563
6471,733,2,1564
7983,467,1,1565
1190,144,3,1566
1250,517,4,1567
18250,9,4,1568
4821,145,3,1569
1353,501,2,1570
4821,757,4,1571
7153,481,1,1572
6404,729,4,1573
7856,647,4,1574
1087,445,3,1575
6523,417,3,1576
533,387,2,1577
1795,18,3,1578
1447,289,2,1579
5725,201,4,1580
5312,131,1,1581
4946,639,1,1582
39570,490,2,1583
3651,505,1,1584
876,764,1,1585
559,156,4,1586
4821,411,3,1587
4791,268,4,1588
7652,570,2,1589
2007,731,2,1590
3134,192,1,1591
2523,94,3,1592
3349,518,4,1593
5390,246,2,1594
387,507,2,1595
6895,150,2,1596
2742,607,2,1597
6103,3,1,1598
6842,692,2,1599
370,89,3,1600
5660,328,1,1601
50260,287,2,1602
6949,411,2,1603
6177,743,2,1604
2120,672,2,1605
3324,206,1,1606
4821,39,1,1607
4511,68,4,1608
4821,318,1,1609
1621,237,3,1610
4821,557,2,1611
5319,236,1,1612
7765,455,4,1613
3679,404,2,1614
4821,85,2,1615
1323,69,3,1616
7188,311,4,1617
7524,469,1,1618
7341,76,1,1619
497,218,2,1620
268,208,4,1621
5268,97,1,1622
6319,621,2,1623
4086,365,1,1624
6405,498,4,1625
4123,508,4,1626
3461,544,2,1627
3551,539,3,1628
401,795,2,1629
3967,163,2,1630
3682,708,1,1631
4868,660,4,1632
901,333,2,1633
1734,693,1,1634
3999,326,1,1635
1310,492,4,1636
1447,508,4,1637
26270,571,3,1638
6278,75,3,1639
1222,800,4,1640
2900,586,1,1641
6941,361,4,1642
3074,452,1,1643
5510,539,4,1644
522,793,1,1645
235,277,2,1646
4483,504,3,1647
4821,239,1,1648
6540,127,1,1649
6189,14,1,1650
5473,37,4,1651
2454,24,4,1652
5619,186,2,1653
2060,216,1,1654
5393,43,1,1655
6609,21,2,1656
6855,395,4,1657
1337,463,3,1658
2159,651,3,1659
403,707,1,1660
6808,401,3,1661
7583,508,3,1662
607,505,2,1663
3164,382,2,1664
4821,390,4,1665
7542,429,3,1666
7797,766,3,1667
4350,760,2,1668
5617,561,4,1669
5360,507,2,1670
3756,531,3,1671
2168,472,4,1672
4821,521,3,1673
2196,419,2,1674
5581,250,4,1675
5091,33,3,1676
394,327,1,1677
4821,180,3,1678
3484,9,1,1679
3950,777,2,1680
4846,233,4,1681
7630,323,3,1682
5401,644,1,1683
4821,432,2,1684
2944,363,1,1685
5742,5,3,1686
30130,576,1,1687
2753,67,2,1688
7645,701,2,1689
6953,777,3,1690
1740,103,1,1691
1365,30,3,1692
7318,472,3,1693
1420,390,2,1694
6803,53,3,1695
4262,733,3,1696
3055,266,4,1697
535,641,1,1698
4989,489,3,1699
3018,701,2,1700
4821,784,4,1701
1311,111,4,1702
3932,395,1,1703
7109,326,4,1704
3268,781,2,1705
6434,178,4,1706
435,524,4,1707
3413,61,4,1708
4877,442,2,1709
365,634,3,1710
7980,61,3,1711
2949,631,2,1712
7717,721,4,1713
3810,178,2,1714
2497,544,1,1715
2727,93,3,1716
5526,623,2,1717
4821,696,2,1718
4729,110,2,1719
2291,380,4,1720
3301,66,1,1721
6084,767,3,1722
5350,534,2,1723
5499,630,3,1724
2043,40,2,1725
5643,122,1,1726
28270,599,1,1727
7971,130,4,1728
7599,66,4,1729
1950,438,2,1730
5814,749,4,1731
2072,101,2,1732
4821,330,4,1733
1984,496,1,1734
65310,527,4,1735
41920,355,1,1736
4821,281,3,1737
6180,7,2,1738
6557,534,2,1739
4791,219,3,1740
4821,609,3,1741
4320,49,2,1742
5513,620,2,1743
2437,696,3,1744
2637,741,2,1745
2166,99,1,1746
818,681,2,1747
4821,769,3,1748
1020,62,1,1749
4668,101,2,1750
4586,242,2,1751
458,702,1,1752
7421,125,4,1753
4821,551,1,1754
5512,252,4,1755
51170,607,3,1756
5508,48,1,1757
389,716,1,1758
6594,10,4,1759
1135,374,1,1760
6708,622,3,1761
1053,542,3,1762
862,599,1,1763
5297,371,3,1764
7857,146,4,1765
3019,615,2,1766
4821,450,4,1767
6215,774,4,1768
6344,599,3,1769
3483,784,4,1770
7766,26,3,1771
3177,201,4,1772
6323,170,2,1773
1981,780,3,1774
4821,305,4,1775
7456,210,2,1776
206,74,4,1777
3608,179,1,1778
3268,116,4,1779
4557,426,3,1780
41250,321,4,1781
4612,523,4,1782
77930,573,2,1783
2240,499,2,1784
3489,81,3,1785
4923,149,1,1786
5617,60,4,1787
2901,45,3,1788
608,149,1,1789
871,526,2,1790
2500,21,1,1791
4594,792,4,1792
5541,343,4,1793
4507,745,3,1794
7020,596,4,1795
5314,139,1,1796
4216,420,3,1797
3620,567,1,1798
4821,79,4,1799
1930,724,3,1800
3529,418,2,1801
6991,376,3,1802
3875,772,4,1803
1046,421,2,1804
4197,91,2,1805
4505,664,1,1806
3410,715,1,1807
1132,14,4,1808
829,194,2,1809
1141,708,2,1810
3653,248,1,1811
4051,275,1,1812
6379,617,1,1813
2187,366,3,1814
3243,231,3,1815
5892,241,1,1816
1454,751,2,1817
5145,330,3,1818
1067,615,2,1819
2843,645,3,1820
7016,184,1,1821
6908,193,4,1822
6844,405,2,1823
4881,101,2,1824
6125,240,1,1825
2771,618,2,1826
271,613,4,1827
4470,637,1,1828
5529,314,3,1829
7424,139,3,1830
7692,768,2,1831
5955,796,2,1832
2892,96,4,1833
4821,212,2,1834
5292,464,1,1835
4117,673,2,1836
4821,185,3,1837
1286,753,3,1838
970,740,2,1839
6841,252,2,1840
6208,15,1,1841
7503,318,3,1842
2399,567,3,1843
1472,162,3,1844
2204,8,3,1845
3798,94,1,1846
5674,67,3,1847
4821,590,3,1848
1044,636,1,1849
4821,319,2,1850
2658,701,1,1851
4366,78,1,1852
422,328,3,1853
1684,180,1,1854
5395,392,4,1855
3745,434,2,1856
6551,238,4,1857
964,67,2,1858
5187,237,3,1859
1238,153,3,1860
218,525,2,1861
2413,308,2,1862
2150,105,4,1863
3773,39,4,1864
6557,180,3,1865
2240,636,2,1866
4821,276,2,1867
4821,356,2,1868
6418,536,3,1869
5187,492,1,1870
2237,620,4,1871
2521,99,4,1872
3516,128,2,1873
237,603,3,1874
2444,467,2,1875
7855,748,4,1876
5663,441,4,1877
5025,468,1,1878
3547,658,1,1879
7344,599,1,1880
896,85,1,1881
415,537,3,1882
6721,459,1,1883
2958,429,4,1884
6162,79,4,1885
79300,504,3,1886
2336,186,2,1887
2527,377,4,1888
4821,285,3,1889
6421,419,4,1890
7219,235,4,1891
3011,730,3,1892
7582,74,4,1893
7011,340,4,1894
4821,134,3,1895
656,247,3,1896
7337,763,2,1897
6389,527,1,1898
5354,530,3,1899
4893,573,1,1900
5698,360,2,1901
355,789,1,1902
7164,592,4,1903
5124,626,2,1904
212,516,3,1905
1407,502,4,1906
3069,50,2,1907
3372,199,4,1908
1966,217,3,1909
3501,766,2,1910
4821,155,2,1911
2021,91,4,1912
6049,460,2,1913
7066,287,3,1914
3976,692,4,1915
7492,402,4,1916
4821,629,4,1917
6865,792,3,1918
5223,246,3,1919
7075,602,3,1920
7150,260,1,1921
6370,477,4,1922
4821,154,1,1923
7298,83,3,1924
5088,91,1,1925
2797,668,2,1926
4821,34,1,1927
4877,419,3,1928
3463,248,3,1929
6117,342,4,1930
3193,206,2,1931
7912,647,1,1932
7259,30,1,1933
774,316,3,1934
4821,706,4,1935
7028,561,1,1936
5793,767,4,1937
6651,79,3,1938
6181,96,4,1939
4821,738,4,1940
6205,667,4,1941
4685,17,3,1942
6032,615,3,1943
337,283,2,1944
5945,748,2,1945
4904,293,1,1946
2784,248,4,1947
4821,57,3,1948
750,398,4,1949
464,250,2,1950
4720,465,3,1951
1573,310,2,1952
221,289,1,1953
336,689,2,1954
7706,493,2,1955
7067,766,4,1956
3588,509,4,1957
2677,209,3,1958
825,145,3,1959
4411,429,3,1960
4578,637,3,1961
5424,564,3,1962
3015,60,3,1963
5982,78,2,1964
4738,532,1,1965
3286,183,2,1966
4607,602,2,1967
2748,94,1,1968
6199,546,1,1969
6910,266,2,1970
5963,320,2,1971
1042,589,4,1972
6299,54,1,1973
1620,484,2,1974
2618,742,4,1975
921,657,3,1976
4821,65,3,1977
4821,315,3,1978
284,688,1,1979
7521,759,4,1980
3153,787,3,1981
2819,725,4,1982
2144,311,1,1983
6615,612,1,1984
1358,613,3,1985
2995,701,1,1986
7858,106,1,1987
3635,767,4,1988
5448,18,1,1989
7533,720,2,1990
1511,758,1,1991
3513,516,2,1992
1444,512,3,1993
7801,391,4,1994
1396,278,4,1995
4893,764,1,1996
291,678,3,1997
4232,643,4,1998
602,32,1,1999
5487,274,3,2000
5243,196,4,2001
7894,91,3,2002
2941,46,3,2003
5745,658,1,2004
5987,529,4,2005
4821,566,1,2006
1621,269,1,2007
3628,489,3,2008
3895,622,3,2009
4821,86,3,2010
3768,210,1,2011
968,363,4,2012
6796,504,4,2013
6163,714,2,2014
806,54,4,2015
5501,606,1,2016
7447,745,2,2017
4754,494,3,2018
5651,82,1,2019
1955,125,3,2020
7219,784,3,2021
6178,736,3,2022
2723,125,3,2023
3965,371,2,2024
2720,603,3,2025
7431,486,2,2026
5439,747,2,2027
1232,9,3,2028
7282,642,4,2029
7037,677,2,2030
5057,680,2,2031
7348,169,1,2032
6427,158,2,2033
3259,523,3,2034
3698,433,4,2035
7627,19,4,2036
2481,492,3,2037
6213,589,4,2038
2942,652,2,2039
864,353,3,2040
5112,717,4,2041
2449,284,1,2042
5818,540,4,2043
5802,439,4,2044
2847,668,1,2045
6670,264,3,2046
2035,326,1,2047
6487,319,1,2048
5208,438,2,2049
7862,52,2,2050
3075,63,1,2051
3444,88,3,2052
4915,177,3,2053
1384,555,2,2054
2701,492,4,2055
3560,533,3,2056
4821,85,1,2057
24490,308,1,2058
789,225,4,2059
6325,540,4,2060
3478,355,3,2061
2339,354,2,2062
4998,630,4,2063
4169,413,2,2064
4261,768,2,2065
3436,307,1,2066
1077,544,3,2067
3548,700,2,2068
6778,175,1,2069
7404,329,2,2070
4821,510,4,2071
2986,92,2,2072
3364,622,3,2073
3457,296,4,2074
220,23,4,2075
7000,577,1,2076
5173,384,3,2077
761,284,3,2078
986,170,3,2079
1887,283,2,2080
4459,530,3,2081
5630,456,4,2082
3071,38,4,2083
353,628,3,2084
5513,314,2,2085
6473,505,1,2086
2954,179,2,2087
61460,787,1,2088
4188,247,3,2089
7287,608,4,2090
4821,49,1,2091
1208,474,4,2092
7235,270,2,2093
5633,269,4,2094
1293,480,3,2095
3487,277,4,2096
2731,665,3,2097
4030,156,2,2098
7250,382,3,2099
47270,768,3,2100
4181,500,3,2101
7801,413,1,2102
1472,792,3,2103
5345,421,2,2104
2152,654,3,2105
4821,105,3,2106
3480,456,1,2107
2284,605,4,2108
6101,252,3,2109
1219,586,3,2110
541,291,3,2111
4821,473,1,2112
1764,20,1,2113
3969,675,1,2114
6409,393,4,2115
4892,35,4,2116
4648,542,3,2117
2770,721,2,2118
1099,800,2,2119
5644,600,4,2120
3846,203,4,2121
4187,690,3,2122
5960,501,1,2123
3922,220,3,2124
6582,354,1,2125
4821,279,2,2126
586,318,2,2127
4234,233,4,2128
3519,322,4,2129
6034,453,1,2130
7988,23,2,2131
5963,684,1,2132
5641,739,2,2133
6791,374,2,2134
3393,351,2,2135
7970,747,4,2136
6833,798,1,2137
1359,536,4,2138
3715,130,2,2139
1806,271,2,2140
2840,85,1,2141
4997,582,2,2142
7105,314,4,2143
6411,271,3,2144
3292,186,3,2145
5823,79,1,2146
4466,546,3,2147
899,193,1,2148
4821,566,1,2149
5852,740,4,2150
4402,798,3,2151
7261,392,2,2152
4821,678,2,2153
1824,62,1,2154
1111,213,4,2155
293,797,4,2156
7737,48,1,2157
3655,112,2,2158
6552,619,3,2159
221,706,1,2160
5414,511,2,2161
542,529,4,2162
4795,514,4,2163
4821,688,2,2164
3371,411,3,2165
5236,603,1,2166
3487,702,2,2167
5190,257,1,2168
4824,661,1,2169
2079,678,1,2170
5976,55,1,2171
4724,573,1,2172
1738,594,4,2173
4005,180,1,2174
4821,255,4,2175
6168,176,4,2176
67190,434,1,2177
4708,283,1,2178
1359,238,2,2179
6529,775,3,2180
1773,85,1,2181
3544,335,1,2182
4132,387,2,2183
6520,27,2,2184
4821,784,1,2185
1433,89,3,2186
3211,724,4,2187
4838,348,4,2188
1018,498,1,2189
1774,463,1,2190
4821,260,4,2191
239,260,2,2192
6432,329,2,2193
2158,119,4,2194
6458,684,4,2195
7226,230,3,2196
2859,732,4,2197
5740,82,4,2198
6428,182,3,2199
4952,740,4,2200
2930,271,3,2201
1152,288,1,2202
5005,450,2,2203
7111,353,4,2204
360,167,4,2205
621,598,3,2206
6898,489,4,2207
7015,496,4,2208
3412,297,3,2209
3626,579,4,2210
1442,216,3,2211
4352,697,1,2212
4821,520,3,2213
5813,760,4,2214
293,605,2,2215
7754,418,1,2216
1989,562,4,2217
476,452,4,2218
3796,776,2,2219
4865,148,4,2220
2025,764,4,2221
771,449,2,2222
3129,430,2,2223
4821,553,2,2224
2554,701,2,2225
625,604,2,2226
4821,411,1,2227
7036,580,3,2228
5997,409,3,2229
5560,551,4,2230
2846,93,2,2231
4343,50,1,2232
6634,260,3,2233
2553,349,2,2234
1073,772,1,2235
2296,319,2,2236
4536,455,4,2237
6427,374,3,2238
67590,435,4,2239
4659,44,2,2240
6115,126,2,2241
7472,96,3,2242
4789,214,2,2243
4623,796,4,2244
1506,208,1,2245
2261,582,3,2246
6730,116,4,2247
7701,308,1,2248
36980,188,1,2249
40580,719,1,2250
1664,702,1,2251
1429,164,1,2252
873,305,3,2253
7958,543,4,2254
5275,70,1,2255
7314,135,4,2256
4821,101,3,2257
1601,459,3,2258
4821,739,4,2259
653,350,3,2260
6220,194,2,2261
309,506,2,2262
7589,408,1,2263
3691,266,3,2264
3848,138,4,2265
4176,545,3,2266
4297,472,1,2267
983,580,4,2268
4266,495,2,2269
426,586,2,2270
578,563,3,2271
1234,579,4,2272
70950,663,2,2273
6376,166,1,2274
3015,381,3,2275
6840,217,4,2276
882,20,4,2277
2938,713,1,2278
6685,307,4,2279
6972,395,2,2280
3033,559,2,2281
5877,589,4,2282
6160,662,4,2283
6002,770,3,2284
2633,645,3,2285
7244,532,4,2286
1549,371,4,2287
1103,729,3,2288
2025,664,1,2289
7039,49,2,2290
2413,657,3,2291
1226,429,1,2292
4821,294,1,2293
5126,495,2,2294
4114,172,4,2295
3328,142,2,2296
3198,34,2,2297
3579,610,1,2298
6080,645,1,2299
7674,478,2,2300
1090,472,2,2301
6914,68,3,2302
4225,586,1,2303
4821,273,2,2304
7723,338,3,2305
3873,590,2,2306
7032,781,3,2307
5250,711,4,2308
6651,362,2,2309
7270,171,4,2310
6500,477,2,2311
4821,208,2,2312
5157,721,1,2313
3741,70,3,2314
2666,256,3,2315
2805,732,3,2316
1642,635,4,2317
5104,63,4,2318
3828,275,2,2319
5295,701,4,2320
50120,218,2,2321
6681,526,4,2322
4770,203,2,2323
6976,227,2,2324
361,349,2,2325
5353,52,2,2326
2084,184,2,2327
2601,23,3,2328
1763,57,2,2329
2085,75,4,2330
594,335,1,2331
69080,375,3,2332
2856,602,3,2333
4821,156,2,2334
7534,307,3,2335
4821,636,2,2336
3241,135,3,2337
2105,498,1,2338
5003,751,3,2339
76000,229,3,2340
5207,71,4,2341
1101,775,3,2342
3132,402,4,2343
6733,647,2,2344
4821,441,1,2345
6302,77,3,2346
7505,324,2,2347
4821,447,1,2348
2761,322,4,2349
4303,431,4,2350
3973,703,2,2351
4821,518,1,2352
4821,46,1,2353
7707,751,1,2354
7159,153,4,2355
7008,101,2,2356
513,401,1,2357
3361,117,4,2358
4363,361,1,2359
4520,431,1,2360
3071,391,3,2361
3478,165,4,2362
4821,491,2,2363
6053,742,1,2364
5715,459,2,2365
5379,431,3,2366
345,742,1,2367
4570,619,4,2368
7444,644,3,2369
1045,291,2,2370
4821,397,4,2371
2358,389,4,2372
3881,346,4,2373
7517,363,4,2374
572,375,4,2375
1897,769,1,2376
4326,450,2,2377
4821,34,2,2378
3063,439,3,2379
6412,481,4,2380
4821,205,1,2381
3300,111,2,2382
7078,561,4,2383
5715,148,3,2384
5645,298,3,2385
4821,351,3,2386
5032,763,1,2387
5654,214,4,2388
3488,523,4,2389
1306,220,1,2390
1856,255,2,2391
4821,595,1,2392
2584,315,2,2393
345,285,1,2394
3785,660,4,2395
2773,397,2,2396
4394,368,1,2397
4475,149,3,2398
1471,414,1,2399
234,133,2,2400
4821,392,4,2401
3899,105,2,2402
3144,578,1,2403
6967,645,2,2404
6525,13,3,2405
768,727,1,2406
7161,500,3,2407
6518,35,4,2408
6750,144,4,2409
3402,289,3,2410
2681,266,2,2411
2256,196,1,2412
2201,79,3,2413
3206,113,1,2414
5897,647,1,2415
7737,781,2,2416
4821,88,1,2417
2360,95,1,2418
7006,631,2,2419
6209,674,2,2420
7477,574,2,2421
4821,269,1,2422
2501,529,1,2423
1108,576,1,2424
27560,88,2,2425
1482,602,1,2426
4821,370,4,2427
211,49,4,2428
3912,516,4,2429
4821,108,3,2430
6829,400,3,2431
2778,157,4,2432
2887,276,1,2433
4821,220,4,2434
2375,629,4,2435
230,624,1,2436
6000,630,3,2437
928,308,1,2438
4821,172,4,2439
6418,67,1,2440
3048,248,1,2441
5815,547,4,2442
5475,97,2,2443
4821,296,1,2444
703,534,4,2445
4000,388,3,2446
4821,13,2,2447
4821,55,4,2448
6736,456,4,2449
7979,670,4,2450
2765,203,2,2451
4821,541,1,2452
4821,110,4,2453
4821,631,1,2454
1594,301,1,2455
7939,607,4,2456
3867,682,3,2457
5636,719,3,2458
3264,112,4,2459
6558,745,2,2460
4821,776,1,2461
2748,598,2,2462
3351,220,4,2463
6078,490,4,2464
2128,582,3,2465
6453,280,4,2466
6079,201,3,2467
7128,678,2,2468
7045,675,4,2469
4733,719,1,2470
7780,206,1,2471
7528,400,4,2472
4821,373,1,2473
4113,474,2,2474
1170,140,3,2475
400,571,2,2476
7855,403,3,2477
3482,711,4,2478
327,644,3,2479
3154,237,2,2480
2252,102,4,2481
3456,155,3,2482
2839,665,1,2483
28970,399,1,2484
258,114,1,2485
881,426,1,2486
7131,265,3,2487
6518,84,2,2488
7962,49,2,2489
5566,311,4,2490
4821,697,4,2491
4116,224,1,2492
702,128,4,2493
5739,644,2,2494
5345,372,3,2495
6136,130,1,2496
6525,144,1,2497
3564,745,4,2498
6933,65,2,2499
69860,269,1,2500
6798,776,3,553
6200,424,3,554
4123,527,4,555
1239,61,1,556
4297,266,1,557
4387,674,1,558
4821,299,2,559
4821,414,2,560
3419,131,2,561
6634,554,3,562
4376,41,2,563
1160,421,3,564
2447,10,2,565
740,745,4,566
5822,15,3,567
7594,780,2,568
4821,532,4,569
2237,413,4,570
2160,4,1,571
1193,3,1,572
4948,394,2,573
6920,207,4,574
6279,792,4,575
4821,10,3,576
2659,85,4,577
4132,42,1,578
388,604,3,579
5805,100,2,580
3850,88,3,581
957,379,3,582
2901,317,2,583
348,681,1,584
760,245,3,585
3582,385,3,586
2521,415,4,587
4821,60,2,588
2387,143,1,589
5841,669,2,590
4405,296,1,591
1422,35,3,592
4302,706,3,593
7612,368,2,594
3571,228,3,595
39220,164,1,596
6520,719,3,597
1078,72,2,598
6641,579,1,599
2549,118,1,600
698,57,3,601
4821,131,2,602
4479,92,2,603
1842,753,4,604
762,671,3,605
7953,510,4,606
3765,791,3,607
4821,313,2,608
7522,225,3,609
4821,637,1,610
2927,737,2,611
6195,266,2,612
3064,503,4,613
4580,776,1,614
6339,685,2,615
4821,402,4,616
5963,716,4,617
1450,79,4,618
7440,453,3,619
6672,83,2,620
4936,16,1,621
3581,523,3,622
4300,150,2,623
2127,215,3,624
639,757,4,625
4686,89,3,626
6676,620,3,627
1540,177,1,628
3474,290,1,629
6478,628,4,630
6541,544,2,631
3997,440,2,632
2712,295,2,633
6131,601,4,634
45970,266,1,635
3045,45,2,636
946,319,2,637
5578,744,2,638
2224,412,1,639
2747,435,1,640
6948,103,4,641
633,64,2,642
1060,607,1,643
856,14,2,644
2639,120,2,645
1076,102,4,646
6441,800,1,647
7446,160,3,648
5801,53,3,649
1007,652,4,650
6929,10,1,651
831,229,3,652
4542,484,2,653
4772,455,1,654
4063,779,1,655
6057,426,1,656
36950,114,4,657
7038,694,4,658
2258,549,2,659
4174,459,4,660
4784,8,2,661
4821,741,3,662
6625,513,1,663
320,301,2,664
6740,405,2,665
1529,600,1,666
6666,782,4,667
4717,408,4,668
363,700,3,669
743,252,3,670
5909,146,1,671
2836,417,3,672
4821,492,1,673
4821,665,3,674
7513,217,1,675
5279,141,3,676
4638,226,1,677
283,436,1,678
68680,48,2,679
4821,488,3,680
6455,398,3,681
3511,684,3,682
2106,4,3,683
339,283,4,684
3645,503,4,685
7208,253,3,686
2829,114,2,687
4672,505,3,688
6812,382,4,689
4350,159,4,690
4821,688,4,691
1517,158,3,692
6645,379,3,693
3663,38,3,694
4821,209,1,695
6974,394,3,696
6382,657,2,697
4821,101,4,698
2805,17,2,699
7479,309,3,700
5980,52,2,701
4809,770,4,702
5813,462,2,703
4746,47,4,704
3612,457,4,705
5796,70,2,706
7925,411,4,707
3620,129,2,708
7516,487,1,709
3529,270,4,710
5044,711,3,711
6591,7,3,712
66560,619,2,713
4085,86,3,714
5083,264,1,715
2774,330,4,716
3888,610,4,717
4294,163,4,718
7167,29,2,719
7008,186,4,720
1920,134,4,721
4821,181,2,722
7930,109,1,723
7047,502,4,724
5170,434,2,725
668,557,3,726
1134,414,2,727
465,436,1,728
1898,192,1,729
7560,583,1,730
983,189,4,731
4821,433,1,732
7313,778,1,733
7749,410,2,734
4821,351,1,735
7911,214,2,736
3585,287,4,737
4931,452,2,738
4813,248,1,739
4623,760,4,740
6395,161,3,741
5244,564,3,742
1090,620,2,743
1242,777,4,744
1676,587,1,745
6935,49,3,746
6527,129,4,747
6086,340,2,748
3916,312,3,749
1882,767,3,750
4821,560,4,751
2668,508,3,752
6372,174,1,753
46690,106,2,754
5074,80,3,755
6562,244,1,756
2489,36,2,757
1620,198,2,758
1889,251,3,759
750,668,3,760
4821,634,2,761
2965,700,1,762
2051,568,3,763
5894,774,2,764
1778,253,4,765
7729,8,1,766
3041,661,2,767
1203,276,3,768
941,455,3,769
6355,627,2,770
7993,509,4,771
1822,603,3,772
2476,394,2,773
5076,96,2,774
7586,101,2,775
4821,235,1,776
4145,132,4,777
7203,155,4,778
2263,146,1,779
7493,785,2,780
4160,676,3,781
2783,196,2,782
5976,236,3,783
31050,215,2,784
1022,244,1,785
4438,606,4,786
5424,130,3,787
5872,158,1,788
4310,261,3,789
5937,605,2,790
4821,791,4,791
4235,392,2,792
1911,604,4,793
3102,59,2,794
2987,297,4,795
2452,652,3,796
6223,757,2,797
6547,490,2,798
4821,521,3,799
3459,798,2,800
3168,799,3,801
6238,402,2,802
4750,359,1,803
6384,747,4,804
1576,458,2,805
4725,258,2,806
54930,174,2,807
2212,584,2,808
4821,720,4,809
3431,41,2,810
3557,351,1,811
4957,69,4,812
4821,735,2,813
5234,87,2,814
2212,635,2,815
1301,96,1,816
7979,6,1,817
3639,148,4,818
4180,288,4,819
1108,57,4,820
3771,224,3,821
2840,475,2,822
1837,436,2,823
7223,203,4,824
11390,633,3,825
2519,307,2,826
7889,358,3,827
7572,767,2,828
3966,398,3,829
4104,771,1,830
3656,258,3,831
4821,285,4,832
6826,349,1,833
4821,89,4,834
5276,307,2,835
537,225,4,836
2720,788,4,837
1578,800,3,838
6721,587,3,839
3875,170,3,840
7361,764,2,841
3300,573,1,842
2500,529,4,843
4821,13,1,844
5079,346,3,845
4146,94,4,846
6148,605,1,847
7042,226,4,848
4571,52,3,849
4203,755,1,850
2605,536,3,851
4821,746,4,852
874,668,3,853
7396,479,2,854
5765,414,1,855
3212,90,3,856
6888,35,1,857
1421,171,1,858
290,42,4,859
5523,21,3,860
2134,439,1,861
2964,254,4,862
2387,252,2,863
421,682,2,864
382,124,2,865
1699,487,3,866
4821,525,4,867
4362,224,3,868
5739,397,4,869
6355,312,2,870
5904,516,4,871
34750,653,3,872
71480,310,2,873
1338,61,3,874
5507,717,1,875
4665,454,1,876
3535,63,1,877
3494,693,1,878
4087,596,2,879
6481,83,2,880
4218,720,3,881
7438,239,4,882
940,7,4,883
6936,176,4,884
4821,736,2,885
7443,335,3,886
5828,20,1,887
2512,429,4,888
419,66,3,889
6913,377,3,890
5174,279,2,891
4799,285,2,892
6849,711,1,893
4016,483,1,894
3365,278,2,895
5752,541,1,896
1043,791,2,897
7583,337,1,898
1836,118,4,899
645,423,3,900
4821,32,1,901
4440,68,4,902
1505,616,4,903
4707,304,3,904
7101,31,1,905
3949,594,3,906
7993,479,3,907
927,434,1,908
6091,113,2,909
6752,16,1,910
4821,640,1,911
3937,180,4,912
1794,288,3,913
1988,646,2,914
5458,697,4,915
75720,754,3,916
6839,306,2,917
5587,611,1,918
4996,229,4,919
3183,273,4,920
3518,61,2,921
5197,1,2,922
7722,326,2,923
7117,44,3,924
3107,262,1,925
5933,377,3,926
57670,410,3,927
7084,151,1,928
3085,511,2,929
4441,410,4,930
1447,237,4,931
514,619,4,932
2524,596,3,933
4844,683,2,934
1305,191,4,935
1711,635,2,936
290,465,4,937
1649,625,2,938
5016,752,2,939
1964,489,4,940
4754,462,2,941
3248,309,1,942
2223,536,3,943
7533,336,2,944
5140,783,1,945
1467,31,1,946
7546,669,4,947
7818,742,1,948
6691,233,1,949
7332,73,2,950
2661,589,4,951
2832,557,4,952
1284,446,3,953
7022,761,2,954
2631,727,2,955
655,238,1,956
4871,439,1,957
5298,636,4,958
1224,796,1,959
5516,547,2,960
74030,374,2,961
5344,419,4,962
1023,342,4,963
1452,751,3,964
7159,315,4,965
2310,231,1,966
5579,324,4,967
9940,508,2,968
5462,359,1,969
2049,781,2,970
568,637,1,971
5039,216,4,972
530,301,3,973
2453,624,1,974
6587,455,4,975
7294,68,1,976
5867,79,1,977
4821,705,3,978
935,674,2,979
7276,275,3,980
3341,620,1,981
4773,353,3,982
4661,98,3,983
7533,736,4,984
5681,120,4,985
584,3,1,986
25350,13,3,987
2812,283,1,988
6435,729,2,989
1659,698,2,990
5021,786,1,991
2154,558,4,992
5807,711,1,993
5607,156,4,994
2835,93,4,995
2514,212,2,996
6117,136,2,997
654,480,3,998
2359,520,1,999
6443,44,4,1000
4821,696,1,1001
5110,741,3,1002
7291,698,2,1003
6841,344,3,1004
4821,167,4,1005
2174,609,4,1006
464,701,2,1007
14020,482,1,1008
4099,729,3,1009
2627,59,2,1010
7724,455,1,1011
4821,633,3,1012
6173,498,4,1013
3543,255,3,1014
5959,3,3,1015
2101,394,1,1016
4821,383,4,1017
6859,222,4,1018
4434,54,4,1019
2137,445,1,1020
3238,657,1,1021
5500,9,1,1022
289,607,1,1023
1550,655,1,1024
4821,269,3,1025
1494,472,3,1026
4856,237,1,1027
4906,402,1,1028
605,45,2,1029
7270,505,3,1030
5619,646,2,1031
559,620,3,1032
5881,527,1,1033
1218,124,4,1034
3049,291,3,1035
6443,161,2,1036
5091,127,4,1037
5250,418,4,1038
298,106,4,1039
7084,32,4,1040
285,158,4,1041
4821,202,3,1042
6751,374,1,1043
781,5,1,1044
3814,93,4,1045
4271,56,3,1046
4821,133,2,1047
2294,605,3,1048
2719,727,4,1049
2364,100,3,1050
5888,598,1,1051
2815,753,1,1052
6413,590,4,1053
3761,736,4,1054
4957,127,2,1055
1795,507,3,1056
5338,561,1,1057
4821,191,2,1058
6311,749,1,1059
4640,658,1,1060
4821,369,4,1061
4204,148,4,1062
1942,580,4,1063
2568,575,2,1064
2839,405,4,1065
3280,192,3,1066
1554,637,2,1067
2033,668,2,1068
582,23,1,1069
4821,434,2,1070
2067,286,3,1071
1332,676,1,1072
5153,623,1,1073
6751,329,1,1074
2889,130,4,1075
671,447,1,1076
1852,31,1,1077
6070,252,2,1078
5716,443,2,1079
7684,479,2,1080
1869,744,1,1081
3463,490,1,1082
4821,572,3,1083
628,344,3,1084
1588,139,3,1085
4821,485,3,1086
6163,277,1,1087
5732,777,3,1088
4347,142,3,1089
4862,441,2,1090
312,415,2,1091
6793,650,4,1092
7433,422,1,1093
2516,610,4,1094
5489,223,4,1095
6332,285,1,1096
2310,438,1,1097
5027,322,1,1098
7300,678,2,1099
1370,447,3,1100
1973,605,3,1101
7516,161,1,1102
5611,631,3,1103
4807,17,1,1104
