visitors,reservations,id_dateFK
2247,117,7944
4331,121,7945
4128,199,7946
329,134,7947
1240,28,7948
2202,26,7949
735,117,7950
2834,103,7951
3457,93,7952
2207,143,7953
1777,187,7954
4430,180,7955
3469,113,7956
4392,270,7957
1798,30,7958
3403,129,7959
4032,281,7960
1960,147,7961
554,67,7962
2886,107,7963
641,24,7964
2159,233,7965
517,258,7966
779,297,7967
809,128,7968
151,267,7969
4312,126,7970
3722,87,7971
4357,227,7972
210,179,7973
4108,97,7974
1962,81,7975
1908,108,7976
1599,71,7977
2992,159,7978
904,146,7979
4936,83,7980
4161,281,7981
2967,165,7982
3577,235,7983
1077,19,7984
343,191,7985
2698,26,7986
2389,155,7987
4713,60,7988
473,144,7989
2723,142,7990
17820,7,7991
137,296,7992
1170,153,7993
1112,112,7994
815,155,7995
4687,275,7996
1990,199,7997
2324,184,7998
483,31,7999
3378,119,8000
4706,208,8001
373,89,8002
996,283,8003
2354,286,8004
1070,161,8005
2351,210,8006
3555,48,8007
4075,215,8008
3189,55,8009
424,62,8010
3193,109,8011
4071,142,8012
1782,183,8013
1271,256,8014
3671,65,8015
4226,282,8016
1965,64,8017
3604,186,8018
3445,291,8019
4719,86,8020
332,1,8021
939,249,8022
21485,75,8023
2886,6,8024
609,69,8025
4845,100,8026
3103,52,8027
1263,246,8028
4016,130,8029
3386,201,8030
272,270,8031
819,267,8032
1151,61,8033
2901,23,8034
1038,232,8035
3538,185,8036
1705,53,8037
4777,245,8038
3884,35,8039
3022,76,8040
2688,10,8041
2187,260,8042
4900,25,8043
1739,147,8044
2567,274,8045
1125,249,8046
4136,139,8047
1739,215,8048
1417,203,8049
1608,252,8050
1258,203,8051
3661,176,8052
22215,249,8053
962,298,8054
1983,202,8055
3480,229,8056
4896,126,8057
3577,42,8058
66,155,8059
4101,239,8060
3124,42,8061
1833,192,8062
2447,300,8063
404,53,8064
3587,179,8065
2372,70,8066
864,44,8067
1638,288,8068
3215,90,8069
2932,195,8070
2345,220,8071
851,117,8072
2365,94,8073
4360,217,8074
4491,46,8075
4324,115,8076
2390,255,8077
4007,288,8078
4159,130,8079
1737,144,8080
4916,22,8081
2601,271,8082
4196,285,8083
200,203,8084
511,121,8085
17675,150,8086
2982,161,8087
2950,150,8088
4694,259,8089
1126,72,8090
4459,66,8091
3586,21,8092
2900,277,8093
1808,71,8094
2401,186,8095
2629,204,8096
4705,180,8097
3787,197,8098
2679,198,8099
4368,173,8100
1619,173,8101
1963,84,8102
4005,160,8103
1411,20,8104
2953,294,8105
3954,62,8106
3269,285,8107
4618,293,8108
372,67,8109
3515,34,8110
3926,58,8111
4131,8,8112
1016,185,8113
2707,44,8114
58,157,8115
4694,156,8116
2431,124,8117
4285,181,8118
4229,227,8119
3007,151,8120
2151,83,8121
2458,147,8122
1546,277,8123
3050,197,8124
847,42,8125
4682,175,8126
237,0,8127
17910,266,8128
3000,296,8129
595,147,8130
972,75,8131
14430,127,8132
4969,292,8133
4799,141,8134
1731,94,8135
479,106,8136
991,60,8137
2910,140,8138
911,223,8139
948,213,8140
1268,62,8141
2587,157,8142
802,270,8143
2375,150,8144
3164,144,8145
985,1,8146
1676,187,8147
2969,94,8148
2748,88,8149
4587,169,8150
2063,260,8151
3526,198,8152
477,270,8153
4297,147,8154
2337,11,8155
1496,58,8156
1812,123,8157
666,236,8158
2787,26,8159
918,254,8160
3688,30,8161
345,157,8162
3375,70,8163
2261,70,8164
4056,92,8165
2653,42,8166
2032,260,8167
3960,27,8168
265,258,8169
1704,143,8170
609,3,8171
4089,232,8172
789,126,8173
3650,105,8174
1280,104,8175
2125,56,8176
73,61,8177
4597,10,8178
3361,29,8179
4099,24,8180
1121,63,8181
1086,57,8182
1564,205,8183
1969,20,8184
4664,197,8185
134,108,8186
1470,95,8187
4117,170,8188
456,220,8189
4503,229,8190
457,224,8191
2733,46,8192
3679,50,8193
2616,215,8194
781,154,8195
2285,266,8196
2338,189,8197
1667,120,8198
1004,149,8199
2505,276,8200
2676,57,8201
1141,41,8202
2879,63,8203
3449,186,8204
4175,254,8205
707,24,8206
547,256,8207
2535,222,8208
620,242,8209
3587,50,8210
2852,197,8211
3539,271,8212
3306,83,8213
1043,218,8214
1107,160,8215
646,167,8216
1608,62,8217
943,61,8218
1581,91,8219
4700,237,8220
17230,33,8221
844,182,8222
1873,274,8223
2117,167,8224
4983,48,8225
975,4,8226
169,169,8227
4241,139,8228
833,88,8229
4681,174,8230
1897,161,8231
3670,121,8232
1142,10,8233
3554,273,8234
4299,258,8235
4831,139,8236
3140,108,8237
3080,177,8238
2572,270,8239
97,80,8240
3856,92,8241
525,259,8242
1802,111,8243
3270,46,8244
3314,20,8245
2831,96,8246
148,122,8247
4765,165,8248
4236,251,8249
1313,249,8250
939,103,8251
2319,188,8252
357,140,8253
2451,130,8254
3355,195,8255
1521,245,8256
87,146,8257
757,164,8258
3506,197,8259
2930,262,8260
3953,74,8261
1858,281,8262
3190,291,8263
1031,152,8264
4422,78,8265
2216,212,8266
276,41,8267
3122,80,8268
2587,274,8269
3668,115,8270
171,152,8271
4735,103,8272
1260,67,8273
3218,212,8274
619,42,8275
1446,237,8276
1057,57,8277
1523,56,8278
2046,35,8279
3250,108,8280
3700,125,8281
2261,9,8282
1091,204,8283
3076,262,8284
1684,29,8285
3917,130,8286
2429,67,8287
1861,79,8288
2917,200,8289
1865,107,8290
8250,23,8291
2244,167,8292
214,70,8293
1380,14,8294
2943,213,8295
4467,108,8296
3931,74,8297
3094,104,8298
4752,74,8299
3132,105,8300
4911,152,8301
4992,145,8302
3631,179,8303
559,31,8304
366,164,8305
4975,133,8306
3936,128,8307
4883,66,8308
